{
  "timestamp": "2026-04-01 22:58:16",
  "weight": 5.0,
  "num_deals": 3,
  "deals": [
    {
      "deal": 1,
      "bit_packing": {
        "method": "bit_packing",
        "deal": 1,
        "weight": 5.0,
        "nodes_expanded": 3352,
        "nodes_generated": 51879,
        "frontier_max_size": 46169,
        "hash_computations": 5712,
        "hash_total_time_ms": 1.6844021156430244,
        "search_depth": 69,
        "nodes_at_depth": {
          "0": 1,
          "1": 3,
          "2": 1,
          "3": 1,
          "4": 1,
          "5": 7,
          "6": 4,
          "7": 14,
          "8": 36,
          "9": 26,
          "10": 67,
          "11": 94,
          "12": 147,
          "13": 27,
          "14": 1,
          "15": 6,
          "16": 40,
          "17": 97,
          "18": 58,
          "19": 1,
          "20": 1,
          "21": 1,
          "22": 1,
          "23": 4,
          "24": 19,
          "25": 90,
          "26": 363,
          "27": 655,
          "28": 214,
          "29": 1,
          "30": 18,
          "31": 72,
          "32": 42,
          "33": 14,
          "34": 29,
          "35": 59,
          "36": 48,
          "37": 23,
          "38": 28,
          "39": 70,
          "40": 91,
          "41": 67,
          "42": 113,
          "43": 267,
          "44": 268,
          "45": 74,
          "46": 11,
          "47": 3,
          "48": 3,
          "49": 8,
          "50": 3,
          "51": 1,
          "52": 12,
          "53": 4,
          "54": 3,
          "55": 1,
          "56": 2,
          "57": 9,
          "58": 6,
          "59": 1,
          "60": 1,
          "61": 1,
          "62": 1,
          "63": 1,
          "64": 2,
          "65": 1,
          "66": 9,
          "67": 3,
          "68": 1,
          "69": 1
        },
        "elapsed_ms": 2798.9380001090467,
        "solution_found": true,
        "solution_depth": 69
      },
      "zobrist": {
        "method": "zobrist",
        "deal": 1,
        "weight": 5.0,
        "nodes_expanded": 12150,
        "nodes_generated": 243612,
        "frontier_max_size": 224790,
        "hash_computations": 272178,
        "hash_total_time_ms": 10010.057426989079,
        "hash_reuses": 0,
        "incremental_updates": 0,
        "search_depth": 69,
        "nodes_at_depth": {
          "0": 1,
          "1": 9,
          "2": 1,
          "3": 1,
          "4": 1,
          "5": 22,
          "6": 10,
          "7": 39,
          "8": 115,
          "9": 100,
          "10": 243,
          "11": 324,
          "12": 459,
          "13": 67,
          "14": 1,
          "15": 6,
          "16": 42,
          "17": 107,
          "18": 72,
          "19": 1,
          "20": 1,
          "21": 1,
          "22": 1,
          "23": 5,
          "24": 38,
          "25": 274,
          "26": 1653,
          "27": 2831,
          "28": 1316,
          "29": 1,
          "30": 19,
          "31": 78,
          "32": 53,
          "33": 20,
          "34": 39,
          "35": 91,
          "36": 84,
          "37": 31,
          "38": 52,
          "39": 167,
          "40": 249,
          "41": 106,
          "42": 322,
          "43": 1201,
          "44": 1390,
          "45": 379,
          "46": 12,
          "47": 5,
          "48": 3,
          "49": 8,
          "50": 3,
          "51": 1,
          "52": 16,
          "53": 12,
          "54": 3,
          "55": 1,
          "56": 2,
          "57": 14,
          "58": 17,
          "59": 3,
          "60": 1,
          "61": 1,
          "62": 1,
          "63": 1,
          "64": 2,
          "65": 1,
          "66": 11,
          "67": 7,
          "68": 1,
          "69": 1
        },
        "elapsed_ms": 23688.028200063854,
        "solution_found": true,
        "solution_depth": 69
      }
    },
    {
      "deal": 2,
      "bit_packing": {
        "method": "bit_packing",
        "deal": 2,
        "weight": 5.0,
        "nodes_expanded": 746,
        "nodes_generated": 10198,
        "frontier_max_size": 9060,
        "hash_computations": 1140,
        "hash_total_time_ms": 0.3225049003958702,
        "search_depth": 58,
        "nodes_at_depth": {
          "0": 1,
          "1": 1,
          "2": 1,
          "3": 1,
          "4": 1,
          "5": 1,
          "6": 5,
          "7": 11,
          "8": 1,
          "9": 5,
          "10": 11,
          "11": 24,
          "12": 36,
          "13": 41,
          "14": 25,
          "15": 39,
          "16": 60,
          "17": 86,
          "18": 106,
          "19": 120,
          "20": 41,
          "21": 13,
          "22": 1,
          "23": 4,
          "24": 3,
          "25": 1,
          "26": 3,
          "27": 9,
          "28": 10,
          "29": 2,
          "30": 1,
          "31": 1,
          "32": 1,
          "33": 7,
          "34": 3,
          "35": 1,
          "36": 1,
          "37": 1,
          "38": 1,
          "39": 6,
          "40": 5,
          "41": 7,
          "42": 6,
          "43": 2,
          "44": 1,
          "45": 6,
          "46": 5,
          "47": 5,
          "48": 2,
          "49": 9,
          "50": 4,
          "51": 1,
          "52": 1,
          "53": 1,
          "54": 1,
          "55": 1,
          "56": 1,
          "57": 1,
          "58": 1
        },
        "elapsed_ms": 466.5391999296844,
        "solution_found": true,
        "solution_depth": 58
      },
      "zobrist": {
        "method": "zobrist",
        "deal": 2,
        "weight": 5.0,
        "nodes_expanded": 1408,
        "nodes_generated": 25089,
        "frontier_max_size": 23030,
        "hash_computations": 27124,
        "hash_total_time_ms": 985.4798982851207,
        "hash_reuses": 0,
        "incremental_updates": 0,
        "search_depth": 58,
        "nodes_at_depth": {
          "0": 1,
          "1": 1,
          "2": 1,
          "3": 1,
          "4": 1,
          "5": 1,
          "6": 5,
          "7": 11,
          "8": 1,
          "9": 5,
          "10": 21,
          "11": 54,
          "12": 82,
          "13": 92,
          "14": 32,
          "15": 42,
          "16": 80,
          "17": 131,
          "18": 210,
          "19": 333,
          "20": 89,
          "21": 13,
          "22": 1,
          "23": 4,
          "24": 3,
          "25": 1,
          "26": 3,
          "27": 9,
          "28": 10,
          "29": 2,
          "30": 1,
          "31": 1,
          "32": 1,
          "33": 7,
          "34": 3,
          "35": 1,
          "36": 1,
          "37": 1,
          "38": 1,
          "39": 15,
          "40": 17,
          "41": 16,
          "42": 19,
          "43": 5,
          "44": 5,
          "45": 12,
          "46": 13,
          "47": 7,
          "48": 4,
          "49": 14,
          "50": 10,
          "51": 1,
          "52": 1,
          "53": 1,
          "54": 1,
          "55": 1,
          "56": 1,
          "57": 7,
          "58": 1
        },
        "elapsed_ms": 1949.3838001508266,
        "solution_found": true,
        "solution_depth": 58
      }
    },
    {
      "deal": 3,
      "bit_packing": {
        "method": "bit_packing",
        "deal": 3,
        "weight": 5.0,
        "nodes_expanded": 78,
        "nodes_generated": 1962,
        "frontier_max_size": 1859,
        "hash_computations": 105,
        "hash_total_time_ms": 0.03310106694698334,
        "search_depth": 38,
        "nodes_at_depth": {
          "0": 1,
          "1": 1,
          "2": 1,
          "3": 1,
          "4": 1,
          "5": 2,
          "6": 1,
          "7": 1,
          "8": 1,
          "9": 2,
          "10": 4,
          "11": 3,
          "12": 1,
          "13": 1,
          "14": 1,
          "15": 3,
          "16": 6,
          "17": 4,
          "18": 1,
          "19": 1,
          "20": 3,
          "21": 5,
          "22": 9,
          "23": 8,
          "24": 1,
          "25": 1,
          "26": 1,
          "27": 2,