admissibility_violation_witnesses,cases,common_with_baseline,heuristic,mean_elapsed_ms_solved,mean_solution_length,median_elapsed_ms_solved,solution_length_delta_vs_combined,solved,speedup_vs_combined_x,timeouts,unsolved_non_timeout
94,100,94,zero_heuristic,1717.4129765958146,90.43617021276596,602.7215000003707,0.0,94,1.2140554838847908,6,0
94,100,94,foundation_distance,1748.7508127659507,90.43617021276596,609.9976999994396,0.0,94,1.204059657111699,6,0
95,100,94,buried_cards,1304.1232957893571,92.47368421052632,427.0070000002306,1.9680851063829787,95,2.1527874964437856,5,0
94,100,94,combined_heuristic,1916.0638095745717,90.43617021276596,673.7072500000068,0.0,94,1.0,6,0
94,100,93,progress_pressure_heuristic,1624.511971276506,90.94680851063829,733.3593499997733,0.7204301075268817,94,1.3083028093461742,6,0
