cases,common_with_baseline,foundation_move_cost,mean_elapsed_ms_solved,mean_solution_length,median_elapsed_ms_solved,solution_length_delta_vs_baseline,solved,speedup_vs_baseline_x,timeouts,unsolved_non_timeout
100,93,-20,2986.0647666666546,86.79569892473118,1072.2681999995984,0.0,93,1.0,7,0
100,90,-100,2214.3224287233834,90.36170212765957,880.0033500001518,3.477777777777778,94,2.461545243460073,6,0
100,90,-400,2294.7810382978632,90.56382978723404,974.0776000007827,3.6666666666666665,94,2.348237933743361,6,0
100,90,-1000,2288.531652127626,90.56382978723404,988.5897499998464,3.6666666666666665,94,2.330062041650563,6,0
